target,feature_1,feature_2,feature_3
7.87873769829205,0.5488135039273248,0.5928802707811576,0.8115184706218832
2.874927660838897,0.7151893663724195,0.01006369565609333,0.476083985968232
5.36907392417944,0.6027633760716439,0.47582619585722274,0.5231559899920758
4.4635676731824585,0.5448831829968969,0.7087703909410487,0.25052058641717856
3.3600053364989626,0.4236547993389047,0.0439754320240906,0.6050430168104723
5.3054507763765475,0.6458941130666561,0.8795214830237301,0.30290480866983505
5.161707480343318,0.4375872112626925,0.5200814166356731,0.5772840145429821
2.1966697313167574,0.8917730007820798,0.03066104832571792,0.16967811557406987
4.223914635985835,0.9636627605010293,0.2244136119208402,0.1594690923411588
3.8078106080953176,0.3834415188257777,0.953675696427313,0.41702974119199354
4.595236140863677,0.7917250380826646,0.5823197330520553,0.42681951511054084
1.0993221392578287,0.5288949197529045,0.10747256776880454,0.26810926491253906
2.3322491638072016,0.5680445610939323,0.2875445022805615,0.13159685036669
3.643468651981063,0.925596638292661,0.4567036258604842,0.039210539213897055
0.9057924895767772,0.07103605819788694,0.020950069267730465,0.025231827287816144
2.1717200130291494,0.08712929970154071,0.4116155136137588,0.2715502900064757
1.3446980810384432,0.02021839744032572,0.48945863543469814,0.46185344216193713
6.752336469315054,0.832619845547938,0.2436778752812322,0.726243281306127
5.292648432739469,0.7781567509498505,0.5886390002919866,0.47487170071400897
8.221090552095594,0.8700121482468192,0.7532401195921768,0.9040508194352818
4.514338811670893,0.978618342232764,0.23583422410563548,0.03521980457540708
5.7837227283417185,0.7991585642167236,0.6204999002799877,0.18066062154063434
5.978967533131865,0.46147936225293185,0.6396222429637416,0.33851449277014267
6.476414124705871,0.7805291762864555,0.948540301128841,0.5774961880651225
5.63344468986911,0.11827442586893322,0.7782761672964438,0.8527361578939424
3.9389003205721087,0.6399210213275238,0.848345269790006,0.35020195195657644
3.5444545791526307,0.1433532874090464,0.49041990843627514,0.2679886825044201
2.2673731559073307,0.9446689170495839,0.18534858697938283,0.06188916884289575
5.03713777333148,0.5218483217500717,0.995815292959635,0.8213034776981041
3.851749120216078,0.4146619399905236,0.1293557610386996,0.37966644320667897
3.501085731742334,0.26455561210462697,0.4714573193542654,0.5715501954169343
7.170716220813985,0.7742336894342167,0.0680930992421066,0.9835554181712204
3.670605643114632,0.45615033221654855,0.9438508573508195,0.0015945706042945762
2.5869496400745797,0.5684339488686485,0.9649249408484396,0.14545014069886597
1.8919121370718197,0.018789800436355142,0.7193890620039736,0.7791109940193555
4.676800372226602,0.6176354970758771,0.3499928436301689,0.8051274852078378
5.438531933514399,0.6120957227224214,0.25438240111762433,0.7692471190327554
3.3076278691749117,0.6169339968747569,0.2653033245370474,0.5369988910428293
6.348498761127534,0.9437480785146242,0.12729402542007473,0.9788569810230561
3.2228763128478533,0.6818202991034834,0.5258089530767229,0.39618455999532054
3.939811005373687,0.359507900573786,0.1418172757014775,0.6019436981131123
2.288859139736655,0.43703195379934145,0.3167306665534563,0.0633690045488483
4.504343715281725,0.6976311959272649,0.6267064759591049,0.40985744990733874
5.92282928542274,0.06022547162926983,0.7275436095907498,0.722500087509922
4.501515945983487,0.6667667154456677,0.024272704622061214,0.2387388407706993
7.2127231364370035,0.6706378696181594,0.4301159843767399,0.9438275890731485
2.8827591620122126,0.2103825610738409,0.652124594842139,0.6867833676432891
2.1388822295062617,0.1289262976548533,0.8532459761585128,0.28757538285757145
5.38006063910339,0.31542835092418386,0.4753247822120824,0.7689989227058563
2.733645563251085,0.3637107709426226,0.9692058717176852,0.0831647718081091
5.653861664666536,0.5701967704178796,0.2656325475414473,0.9747744225104565
2.438930384522693,0.43860151346232035,0.01350870662671888,0.04928525907355852
8.177325630068442,0.9883738380592262,0.4837528647017362,0.9334558911487183
3.1439319670911137,0.10204481074802807,0.25611379502001796,0.2528538777482612
4.876152746447928,0.2088767560948347,0.8237176720231694,0.7578241076908905
2.3249941161965344,0.16130951788499626,0.23277267218111208,7.369943310608917e-05
3.043412522612721,0.6531083254653984,0.3106292182913063,0.2542400891795997
6.838223586395213,0.2532916025397821,0.7912274310191123,0.7491006066497199
5.064397749825706,0.4663107728563063,0.71514325202536,0.5323360708973223
1.4486781007581846,0.24442559200160274,0.5580512366572625,0.11495214963711486
1.8301043504776462,0.15896958364551972,0.7049480619227595,0.3936297458372753
2.3691242561094454,0.11037514116430513,0.4186368635700265,0.37554935508454257
3.996025142353516,0.6563295894652734,0.005310047614667801,0.5681622441809498
3.9668293110335497,0.1381829513486138,0.011355128512192558,0.6679770724602178
4.864921127028326,0.1965823616800535,0.5112217875736866,0.84083024241225
2.8292510807519364,0.3687251706609641,0.08329097971899924,0.4972313969773726
5.210254992050535,0.8209932298479351,0.05107548016925678,0.3920217173051701
2.5734166807655057,0.09710127579306127,0.9655166391374733,0.1439765340953817
6.8748900455445145,0.8379449074988039,0.8590026396580586,0.8048229649897223
4.020440217051841,0.09609840789396307,0.15202722720956952,0.71337040541456
4.075588203192071,0.9764594650133958,0.0006642185902044906,0.40867739745468534
6.021820577184808,0.4686512016477016,0.9416677953897564,0.5184323099426694
5.550748127075601,0.9767610881903371,0.2783252983201143,0.6651828444118888
2.6225949413659047,0.604845519745046,0.1858976028554975,0.1648055898475378
3.861775107077923,0.7392635793983017,0.6915081078315353,0.02719779440792025
1.2312593309280502,0.039187792254320675,0.1089037388413262,0.3175036991866854
3.746608692922092,0.2828069625764096,0.2646495980028003,0.5955850196361631
5.072675378429495,0.1201965612131689,0.9750946802120465,0.4866060912814587
5.348166440287011,0.29614019752214493,0.6394627744740102,0.6925546268631271
5.157267812160604,0.11872771895424405,0.5206777914825536,0.8196898055745352
3.06812619615364,0.317983179393976,0.39791861483493773,0.4884424667302759
4.181688756458081,0.41426299451466997,0.774500954884202,0.13426702371782484
4.546431781798686,0.06414749634878436,0.14095747652369373,0.8506279997989659
7.316472463542106,0.6924721193700198,0.9673378020369822,0.5749903272741144
5.655434469696679,0.5666014542065752,0.8611230080657867,0.7399374807828707
4.677682455708532,0.2653894909394454,0.6176569825692433,0.7046646536082916
6.161937528990583,0.5232480534666997,0.042906190402558164,0.9682117713312417
2.255947003096925,0.09394051075844168,0.7008556494477377,0.2953073223358139
6.149512789792592,0.5759464955561793,0.9132843408854808,0.705306772779262
7.225553797649094,0.9292961975762141,0.524577067478626,0.3656763331259183
5.197560396950877,0.31856895245132366,0.3542248218272628,0.3954107209186417
4.40510492631223,0.6674103799636817,0.12027734497946962,0.23059463665872149
4.219821634341497,0.13179786240439217,0.7549011041375683,0.3440101756508539
6.692961171907232,0.7163272041185655,0.8850218512118062,0.9482967516582631
2.7515673862098264,0.2894060929472011,0.10025174407584858,0.29257084694760094
2.692389024286496,0.18319136200711683,0.7589845547523419,0.24599060595658673
3.0676397932383646,0.5865129348100832,0.017060486259097507,0.583137978473822
2.517570463092618,0.020107546187493552,0.9670549180772195,0.2580359567417546
5.726144105345809,0.8289400292173631,0.6150580206350962,0.47338572559429504
3.908313998487189,0.004695476192547066,0.5524390589916331,0.834176256556237
2.996151109088408,0.6778165367962301,0.2959498335889278,0.23040031430717556
5.1674144098747155,0.27000797319216485,0.9292916715697834,0.42669141218392004
5.323458746244726,0.7351940221225949,0.265905627336791,0.6104897350200319
6.958832639741965,0.9621885451174382,0.8281466132166949,0.5456289245734854
6.727242135791385,0.24875314351995803,0.985108679337132,0.9747232374152373
5.341043168492252,0.5761573344178369,0.7833966455148058,0.680370254395195
4.403318684821452,0.592041931271839,0.5189899203864318,0.7399462420484398
6.027292747363375,0.5722519057908734,0.06607426385167192,0.9669559479667332
2.764787945052641,0.2230816326406183,0.472413789171073,0.414438025228521
3.1454959201526886,0.952749011516985,0.43825594697170356,0.3553798150610512
1.5298506793272504,0.44712537861762736,0.20279604118699524,0.04386242976638255
3.031000575576678,0.8464086724711278,0.42358763671430444,0.18420430651882713
4.4613623566276495,0.6994792753175043,0.3577578840803387,0.23718963205167587
2.475322470394392,0.29743695085513366,0.16368426115164847,0.1835044670713385
6.840170463397131,0.8137978197024772,0.44137414333248615,0.7547838931965645
3.193607442135688,0.39650574084698464,0.26279995632448905,0.5358829812761117
7.089521220394036,0.8811031971111616,0.5220624206822644,0.6676338014584673
5.415637163831532,0.5812728726358587,0.03516005971619418,0.8204621608393736
4.970910151842887,0.8817353618548528,0.9062314197872842,0.23077394128589468
4.560681708420488,0.6925315900777659,0.8163643055198561,0.32592393982149914
7.0070747255000185,0.7252542798196405,0.5525813325105046,0.7083602670365968
4.305022037948826,0.5013243819267023,0.8518085827572431,0.3927589459044728
5.213781285721726,0.9560836347232239,0.9623950738108005,0.02927094010104414
4.926793048714528,0.6439901992296374,0.11052229405266056,0.43495521902687795
8.075663733712911,0.4238550485581797,0.6308318084098038,0.9082730864154143
7.115126815064318,0.6063932141279244,0.9979940009356586,0.4090215115928747
4.263176363575071,0.019193198309333526,0.9878891693335261,0.332248916442747
4.5635594148138585,0.30157481667454933,0.6033229922907446,0.9895250829450272
4.1251761809097705,0.660173537492685,0.12802087045081667,0.6444155642370132
2.9525234020245765,0.29007760721044407,0.5831928309905282,0.36599802647118085
3.919403516165918,0.6180154289988415,0.0020646355744217137,0.10201953136380737
4.136208610984611,0.42876870094576613,0.19891133466685962,0.7878494449464212
5.53713462283667,0.13547406422245023,0.95612315955996,0.7080749334877576
5.344258383325351,0.29828232595603077,0.3304405726028439,0.9219157992485649
2.9206502543321813,0.5699649107012649,0.6383901057769485,0.21727563002800832
3.175858682581317,0.5908727612481732,0.2808594946322427,0.11492434998823198
6.913205712605663,0.5743252488495788,0.9478218871115895,0.7240725264090636
2.974528405723655,0.6532008198571336,0.7285587299494868,0.20339584199869565
4.542904923379286,0.6521032700016889,0.3296511575814126,0.17610383778949612
2.070497461391765,0.43141843543397396,0.7917614211803709,0.3198073353960721
5.582514249509654,0.896546595851063,0.10816552447633765,0.8168251414784377
5.0174402045787065,0.36756187004789653,0.3923189400654594,0.5395366051096308
0.7401746181951498,0.4358649252656268,0.22121812773159233,0.04585035510228097
6.249067577798408,0.8919233550156721,0.6837264472760463,0.4638946746593172
4.0630325878725895,0.8061939890460857,0.10244628177193038,0.6839796113664752
4.9661670246182865,0.7038885835403663,0.3970258322826741,0.5383684384690157
0.8300078818093062,0.10022688731230112,0.2766497302091896,0.572450218156556
3.8276712917392794,0.9194826137446735,0.5063429193238042,0.22477732839266462
4.690555138882194,0.7142412995491114,0.3498976805038789,0.8477393315953481
6.2531933032756175,0.9988470065678665,0.706410577667011,0.5613987175911241
2.935251618928963,0.14944830465799375,0.024577024306966067,0.7132460130406766
7.126144711460528,0.8681260573682142,0.6339869213059075,0.9818642170133025
3.4593292106816387,0.16249293467637482,0.23057128969382001,0.42819865767453213
5.021483597199827,0.6155595642838442,0.2687090287568493,0.8810666126765085
2.635481884668923,0.12381998284944151,0.8002556035835235,0.007281013941125014
6.218066416346887,0.8480082293222344,0.9555683939804208,0.0334072926151201
5.555241133449155,0.8073189587250107,0.3165502100270866,0.5902799217288169
3.749040134175334,0.5691007386145933,0.8268052703690757,0.31144939554220064
1.1732993208377238,0.40718329722599966,0.1039908379712331,0.24827656701970024
1.8774206210965156,0.06916699545513805,0.6339816530073832,0.27793535720895857
5.572605377695769,0.6974287731445636,0.7510322995349188,0.31840293461058755
4.743965423645709,0.45354268267806885,0.15597792803445654,0.7289476961434229
6.2317506789279316,0.7220555994703479,0.42600238766956056,0.5691959722309445
8.311036075848396,0.8663823259286292,0.8927071642489816,0.7890359725593334
6.595318413123845,0.9755215050028858,0.10357846344837218,0.8301965798350519
6.448830442452374,0.855803342392611,0.01809635820147515,0.8429348593012821
4.730135816770903,0.011714084185001972,0.5905853790479337,0.41464414917488757
5.051747085937282,0.3599780644783639,0.43553154053093346,0.4212733963164108
7.189667688698062,0.729990562424058,0.7986892488839027,0.926265880140584
5.998533928546067,0.17162967726144052,0.9234555382041066,0.6617635946044105
3.069136649434511,0.5210366062041293,0.2991536445438161,0.08046718397913877
4.244958093265584,0.05433798833925363,0.3884041171691053,0.5421869540924683
3.6681793579233677,0.19999652489640007,0.48627208632931485,0.356007259634907
4.207440828074903,0.01852179446061397,0.5881514604352993,0.9874349897163631
2.7837378299119657,0.7936977033574206,0.9838538296816167,0.013655406462292574
5.087785075328561,0.22392468806038013,0.6973302508300515,0.612180873070558
6.612262632747109,0.3453516806969027,0.3895485073455688,0.7236230943988581
3.6917422307871472,0.9280812934655909,0.2637676864504621,0.2889067713573552
7.708970977591325,0.7044144019235328,0.9446257184221241,0.9736415182565321
2.7690124367025684,0.03183892953130785,0.1355484331085064,0.8595366270217113
6.775055043152165,0.16469415649791275,0.720265852504758,0.9156528409858125
1.486986637446845,0.6214784014997635,0.9253950252924407,0.01923205935154848
3.076845243104807,0.5772285886041676,0.6646655865344386,0.569872151314809
3.113408232094108,0.23789282137450862,0.42305444016612115,0.2946502419545467
6.5143947665766495,0.9342139979247938,0.198990939925484,0.8490286349356629
4.628624124987586,0.613965955965896,0.36747532225192725,0.6328496569149624
4.875055258676144,0.5356328030249583,0.7068718094201221,0.5388770043211097
4.064138970573091,0.589909976354571,0.6495342241752968,0.1145881696756057
5.793405651842122,0.7301220295167696,0.9279761665983579,0.5402228047861908
4.100248427450149,0.31194499547960186,0.8668609136593749,0.6319041463564267
5.7232510003488635,0.3982210622160919,0.8161507522663684,0.9559123093102045
5.680975901319212,0.20984374897512215,0.9114508753507623,0.5850510104238695
4.456113775135504,0.18619300588033616,0.2763371527370494,0.9674006017456545
6.033311128890549,0.9443723899839336,0.3695235401396495,0.9616061156066621
5.681419862998258,0.7395507950492876,0.3798939037860174,0.6502003358335975
5.120904261524627,0.4904588086175671,0.5604505887097803,0.5059079841180887
5.211728065862933,0.22741462797332324,0.668218229542771,0.46602174382604933
5.115920442976766,0.25435648177039294,0.2867166830403943,0.8903785611157826
-0.3336720997324155,0.05802916032387562,0.019462467309300346,0.028256682971756764
3.0309353033614967,0.4344166255581208,0.3992223836579093,0.11380819802357156
2.6879053515881526,0.3117958819941026,0.3085279595544005,0.10207172911915185
6.962235898302886,0.6963434888154595,0.9421847190180479,0.7569353251210548
4.223790301650095,0.3777518392924809,0.8882650405440435,0.33965102385253476
5.071439473267315,0.1796036775596348,0.8603106783434196,0.637968544740701
3.7253108241785577,0.02467872839133123,0.652999760945243,0.6037829038425656
2.683753009640876,0.06724963146324858,0.3442891646989389,0.38582796974253164
4.240234419836978,0.6793927734985673,0.5488492673993047,0.5315677222423986
4.421656979569011,0.4536968445560453,0.8152250407163727,0.6451385335716601
4.734648310783573,0.5365792111087222,0.09861036872281104,0.9409503298781383
7.236910874404987,0.8966712930403421,0.8010748802553047,0.5756340728609814
5.769644039260222,0.9903389473967044,0.04117979132812166,0.6143675117683143
3.5951952506887936,0.21689698439847394,0.8164210312143557,0.06785581770377547
7.226534554545887,0.6630782031001008,0.8075638041598735,0.952215814760112
1.8606680636646589,0.26332237673715064,0.051007308828755815,0.5280819279093862
5.665921636045148,0.02065099946572868,0.6271607114618583,0.8012734198599218
3.462439307183882,0.7583786538361414,0.5024530743128972,0.05029106314738907
4.266786038025723,0.32001715082246784,0.16981950317171468,0.420910135737091
3.0729978858734324,0.38346389417189797,0.14837893767737564,0.2569754591527016
6.5679918663720604,0.5883171135536057,0.7732591260670232,0.26697589868858995
6.574572797512615,0.8310484552361904,0.5676927488368441,0.7914537299609294
7.249134606771106,0.6289818435911487,0.9829991349165325,0.6238667252688536
7.232792874643211,0.8726506554473953,0.9822477772883441,0.43974531184284804
2.2931767042265636,0.27354203481563577,0.9926669934642663,0.010585739586393417
6.318600993144382,0.7980468339125637,0.11861551836576589,0.9649279429455299
4.819774778051953,0.1856359443059522,0.9382561369639623,0.9620232533557238
2.668926893074447,0.9527916569719446,0.2445696090205628,0.21755221028003846
3.2708436394776714,0.6874882763878153,0.458212259758612,0.04134637231655669
5.075140665729164,0.21550767711355845,0.7574065558217259,0.5301993630119022
7.693020927582322,0.9473705904889242,0.20362093207723198,0.9514108146164075
7.306798612738525,0.7308558067701578,0.5663116055543299,0.9103958457649349
4.3351270329457465,0.25394164259502583,0.1858167482259957,0.5846628638893966
1.4739057523805363,0.21331197736748198,0.1047361066812933,0.3035488506537072
2.8350301532402113,0.5182007139306632,0.11655861242959853,0.32996088376919597
5.121441943218024,0.025662718054531575,0.3576390348482188,0.8979135514860276
3.0319747719889363,0.2074700754411094,0.004654836837183485,0.49178403563557693
2.4380403507297177,0.42468546875150626,0.4248539212016895,0.1311162289671456
4.765400441187318,0.37416998033422555,0.664197105081149,0.2484254759736073
2.0092809979252784,0.4635754243648107,0.40168818500398873,0.2767949014674991
0.9799833723629108,0.2776287062947319,0.08579460051983512,0.12354668493190935
3.4545105150507003,0.5867843464581688,0.06268886202364055,0.46304438152129135
7.628538356173151,0.8638556059232314,0.2781165127648617,0.916050908274991
3.3687363188575796,0.11753185596203308,0.16931269054360076,0.6687825429922609
2.510731218103091,0.5173791071541142,0.9650949732179694,0.07247392424885613
1.2346482200363442,0.1320681063451533,0.151230224974085,0.005494817809162722
5.954040903731686,0.7168596811925937,0.8054624374049966,0.27624766746925433
4.550471264212958,0.39605970280729375,0.5861079417411448,0.3626929347939404
6.560991373336707,0.565421311858509,0.5692869199842944,0.7767496690467758
3.567709539470203,0.18327983621407862,0.5120807159237846,0.9670055239303667
3.028451647208724,0.14484775934337724,0.9717630761139511,0.38756717342354363
5.420699120069785,0.48805628064895457,0.3638447750916378,0.6866900298168611
6.567389160115083,0.3556127378499556,0.7879157509538762,0.9949019073529632
7.437107988191227,0.940431945252813,0.5552941074669596,0.7456665838750144
4.365658616052772,0.7653252538069653,0.39563366762572616,0.6361895490858445
4.407727378591535,0.7486636198505473,0.9554659333057809,0.07807485417830429
3.8108709438498884,0.9037197397459334,0.5983159693646871,0.32321520119473024
2.187991261827304,0.08342243544201855,0.11891694214601356,0.9133921584571569
3.591456826991443,0.5521924699224066,0.4175392009968566,0.2010054816809057
7.533541895780335,0.5844760689557689,0.7815817276816076,0.8435903592732081
7.304214350343912,0.961936378547229,0.6937470232392138,0.6963236850805055
4.141424243109148,0.29214752679254885,0.9163403298365742,0.36632437083075464
1.795923845050741,0.24082877991544682,0.25937738414152023,0.5291742697126566
4.994602201612943,0.10029394226549782,0.7581937163538238,0.5428064687528136
3.7812095464830686,0.016429629591474204,0.4598752073945209,0.7140537850738863
7.961593213912755,0.9295293167921905,0.5736097469668154,0.5165559410991961
5.394461270798928,0.66991654659091,0.955046681006283,0.13307599018416627
5.4027246354832705,0.7851529120231378,0.9792863199891774,0.7734546715219126
4.948511912993337,0.2817301057539491,0.8615909639255636,0.4062724969061188
4.933264997294124,0.5864101661863267,0.35909708773029625,0.9630938902119273
2.341827108560657,0.06395526612098112,0.8877008357273198,0.28351378229303437
3.535659587512883,0.4856275959346229,0.638609177641413,0.2630787802965846
5.032446112512893,0.9774951397444468,0.4299967804707131,0.3335073956751826
5.387834380402708,0.8765052453165908,0.035742682500483736,0.5723170159586255
5.111357023893416,0.33815895183684563,0.7701281241915822,0.8948697402009823
3.443356181376134,0.9615701545414985,0.502105580724113,0.1762816401400148
3.9868022704736923,0.2317016264712045,0.7861884994650608,0.2796787975992202
6.6574711705910055,0.9493188224156814,0.7480227993432699,0.5816798431478618
6.402977867563786,0.9413777047064986,0.7935673680483519,0.4543342421615151
2.59451827677895,0.7992025873523917,0.30065115869676684,0.44732288725572533
6.5987406738059375,0.6304479368667911,0.800798599067631,0.8207342620964065
6.525340583791125,0.874287966624947,0.5488463284661673,0.9238783025113612
2.8303147456843347,0.2930202845077967,0.4733262004491432,0.4813069660698819
7.568424479593941,0.8489435553129182,0.6751259138207569,0.6873517954472738
4.004911056766331,0.6178766919175238,0.021358682938348306,0.8010587110273939
1.2249132402745124,0.01323685775889949,0.10231681588759423,0.5183664103871639
2.4723103165448985,0.34723351793221957,0.292177365167522,0.29431640895373534
5.413030024296654,0.14814086094816503,0.9829901099578396,0.6380845977222838
4.68140139866082,0.9818293898182532,0.13974577886495498,0.5851091003060592
6.936698837376888,0.47837030703998806,0.3305963007592103,0.9015628197396104
3.2537558983204784,0.4973913654986627,0.05105306469192361,0.05240703676985603
5.340033791847026,0.6394725163987236,0.3312688802927263,0.9101313871334668
3.6390527484950987,0.3685846061296175,0.3203262865108316,0.5344320281653596
1.588344148487884,0.13690027168559893,0.9468071709445222,0.015676116049913924
3.8500879837741024,0.8221177331942455,0.8451540869957204,0.3447021787677881
4.535417480151254,0.18984791190275796,0.3827642192427715,0.7243335638753198
4.270822283690567,0.511318982546456,0.02476905803924867,0.48843308793583295
8.267513727805506,0.22431702897473926,0.8310311139953782,0.9801590374409924
2.4076365994640394,0.09784448449403405,0.6605361771445402,0.42261007383104854
5.534079528884321,0.8621915174216833,0.15236448365130972,0.3266352296260078
9.53994243806599,0.9729194890231303,0.9960712710101872,0.8216719344295681
5.472450956036525,0.9608346580630002,0.10023343742412305,0.5479066993580314
7.785365386677162,0.906555499221179,0.8671145415936629,0.6823265790625589
7.006756726810707,0.7740473326986388,0.294266164129689,0.8057023380386775
6.52995252148062,0.3331451520286419,0.43535346632515703,0.6714275461256203
4.001655765207747,0.08110138998799676,0.7954565267763146,0.42240749476866457
3.01578813230296,0.40724117141380733,0.6775083559940103,0.12479644789430067
4.027255042678636,0.23223414217094274,0.9378643744440391,0.5802481665713005
5.5347976171242514,0.13248763475798297,0.6211403254603832,0.8974333267292596
3.0556365071653113,0.05342718178682526,0.09781016147905275,0.41889242651841496
7.833015119816471,0.7255943642105788,0.8843603632419503,0.9107252348428405
2.8067814560568802,0.011427458625031028,0.7691555249885911,0.503527819782402
6.307925599561442,0.7705807485027762,0.711870450893322,0.6208415624424766
3.7511074526710537,0.14694664540037505,0.05373354735373537,0.8329884760556429
3.5541389334023488,0.07952208258675575,0.396222744661744,0.5645971096407215
-0.6942902684011014,0.08960303423860538,0.16743581945953923,0.0909693392955635
8.134657456181793,0.6720478073539145,0.821903908407869,0.9809794008003951
3.7159792396093176,0.24536720985284477,0.7005286228178628,0.24584930191283372
6.3146483473858686,0.42053946668009845,0.8830775973191353,0.7105053286301986
5.62194752514601,0.5573687913239169,0.9665751069241639,0.5051134386177387
4.2403030345387895,0.8605511738287938,0.7747476141924986,0.4787726368177081
5.126039438071811,0.7270442627113283,0.9942330832207621,0.24394081886689145
5.989841550147328,0.27032790523871464,0.6147698861442988,0.7221507657001041
0.059731788687766074,0.1314827992911276,0.037129603891447815,0.11278826483098725
2.167169762848842,0.05537432042119794,0.01425151515029588,0.9904533093614852
3.429939830408527,0.3015986344809425,0.3421038752037887,0.8453735371072039
4.8853593376978806,0.26211814923967824,0.8234717190675371,0.5345089400057921
5.171778946135377,0.45614056680047965,0.866134706324731,0.42455295605800947
6.003620788749336,0.6832813355476804,0.9608125288226779,0.28646463245986764
4.168226162047626,0.6956254456388572,0.0651214685488184,0.5015914709407675
2.9570402338399298,0.28351884658216664,0.044571110987664087,0.879417462024168
3.2478695226434877,0.3799269559001205,0.9132835963670337,0.2750064007006836
3.974535489748324,0.18115096173690304,0.3050466983628616,0.5005374588031359
4.560306853846422,0.7885455123065187,0.5579874006096327,0.23454990206703086
4.133860084640925,0.0568480764332403,0.9824448830007099,0.3371491136649515
4.087719635801178,0.6969972417249873,0.40044853473592334,0.19026050892333246
7.425025208397446,0.7786953959411034,0.6658713983098399,0.9905391939211878
5.245964761152019,0.7774075618487531,0.4008795636319853,0.5714974464624556
7.103019787864266,0.25942256434535493,0.7681946644627797,0.7328151240366955
2.9845427853607838,0.37381313793256143,0.5277147255728658,0.09824991345203671
3.573727831542769,0.587599635196389,0.23752313798634972,0.3661175500743158
5.387057112916429,0.272821902424467,0.2713061012584662,0.8926398030473215
2.1893359480505454,0.3708527992178887,0.25805921253840725,0.08443832642394788
0.16038003693803216,0.19705428018563964,0.5323203282585608,0.16548322833961315
5.937700639076339,0.4598558837560074,0.7031890160156643,0.6254176103511686
6.3444919543552025,0.044612301254114084,0.9492799000431421,0.6227889941042252
6.360190713303468,0.799795884570618,0.6940873750829799,0.8382270444539296
6.9892618332095315,0.07695644698663273,0.7811928439623906,0.9354927638714214
2.2054338825928474,0.518835148831526,0.16892611586456563,0.14198647542526377
2.99952222040806,0.3068100995451961,0.3740626250073257,0.2593738185269995
5.340394925956856,0.5775429488313755,0.4137802198582661,0.42746140569325586
3.5346721932954104,0.9594333408334251,0.686380230000473,0.0009032855212496305
4.05024581077901,0.6455702444560039,0.2958919763768736,0.06981430295969493
0.40441898051055225,0.03536243575549092,0.3032919214196661,0.22649127794102164
3.0522387349552504,0.43040243950806123,0.3558891546408681,0.48110196401581173
3.5632253553681412,0.5100168523182502,0.8103020815432322,0.2515227381686128
6.932445599541149,0.536177494703452,0.5775900900433487,0.876681892223048
3.1509491830755563,0.6813925106038379,0.07527727983273447,0.3242728755420111
3.167797281560883,0.2775960977317661,0.0782460996904688,0.9246228121426286
4.811771756052971,0.1288605654663202,0.3712869442824993,0.97478726073471
3.72643388394953,0.39267567654709434,0.7665910506061583,0.44986153390757877
5.88639290978287,0.9564057227959488,0.6886834264786805,0.22712881689932363
2.800786863791817,0.18713089175084474,0.7079823546511866,0.2916661334230033
7.422480799431341,0.903983954928237,0.7672100660540969,0.7763336816594462
2.8936496500343307,0.5438059500773263,0.2871527128863294,0.27334970779259105
4.423517268732901,0.4569114216457658,0.548256281942088,0.3805828679202846
5.463542181780053,0.8820414102298896,0.5433526403167696,0.4785758584818498
5.4807200682326584,0.45860396176858587,0.7396325011799493,0.5751111164699841
5.477257244509165,0.7241676366115433,0.9568705691056464,0.9961004403012381
2.7791457523323935,0.399025321703102,0.2779899447954659,0.23220975516359232
6.126305007319878,0.9040443929009577,0.7932816727570482,0.35342370324816885
4.242300810747659,0.6900250201912274,0.6599705485232624,0.262891177010511
5.373188122445853,0.6996220542505167,0.5802378708634601,0.3611134366437103
3.674745859937463,0.3277204015571189,0.7748797793474019,0.10080451689462055
6.901853821880557,0.7567786427368892,0.9440324664280993,0.3598097672410472
5.637837736010086,0.6360610554471413,0.03669141786941299,0.8878650314643884
0.2954197118813848,0.24002027337970955,0.14740010251322067,0.29858984784644904
1.1964306010646313,0.16053882248525642,0.7562872315011158,0.37193477984906886
4.732812835049385,0.7963914745173317,0.08379135291008455,0.9444741644379346
6.78535613471119,0.9591666030352225,0.516123700741093,0.7283789963268682
3.7237876060549704,0.45813882726004285,0.21986077664160697,0.5167387148180483
5.706554669290294,0.5909841653236849,0.2742957038427515,0.7771927284034406
3.844321571330338,0.8577226441935546,0.7018404829444163,0.12317964885450394
2.5535261479766156,0.45722345335385706,0.030192773268711615,0.4644903532208423
5.630254743655916,0.9518744768327362,0.8733194279019036,0.11823612873586631
4.206608388289979,0.5757511620448724,0.44447895535227,0.23361814501958
3.777906853398701,0.820767120701315,0.5023932939071011,0.1418672597402586
5.215355381063203,0.9088437184127384,0.5400479636936919,0.3618012391691393
5.668531670377389,0.8155238187685688,0.6455442945794939,0.38163932039592585
5.461534466088322,0.15941446344895593,0.3448565866227481,0.9473085818332408
2.0014325234634605,0.6288984390617004,0.10110749056349133,0.26412573118752924
3.002202174539501,0.3984342586196771,0.31837893666617656,0.47242884531651685
2.539394662324238,0.0627129520233457,0.1681421180228203,0.8113794039634867
5.139926845480289,0.42403225188984195,0.5561331794504739,0.8156175864366617
5.225815800070908,0.2586840668894077,0.31802863096038647,0.7503431870350202
6.160856196776459,0.8490383084285108,0.9580671779934349,0.28783376214007295
2.9131709528835197,0.03330462654669619,0.9657342779802807,0.49497161941135703
5.374313034299779,0.9589827218634736,0.6201258805682415,0.18621159518672326
3.1405422772240303,0.3553688484719296,0.617497267667286,0.18839952278280425
4.290315945809164,0.3567068904025429,0.9853785645671059,0.4358412131383109
3.371461040389629,0.01632850268370789,0.887283151235186,0.7385922212429411
4.017350542398416,0.18523232523618394,0.76506994915814,0.5265842599978379
6.057636615401994,0.4012595008036087,0.3135906117427012,0.8866832208474523
4.679489850858473,0.9292914173027139,0.36553902811807637,0.8309087977775759
0.4316768957157176,0.09961493022127133,0.20126676576086544,0.03160544282040556
8.338160724541815,0.9453015334790795,0.48714812691737464,0.568419042866216
7.698484411909722,0.8694885305466322,0.9903685221395796,0.6091612643556431
7.292922168949635,0.4541623969075518,0.9121509530115888,0.9615751443000815
0.5725628506082513,0.32670088176826007,0.11834943401946907,0.02323662670886173
2.1946982124187286,0.23274412927905685,0.02519028929050615,0.5311037709686289
4.376506508290602,0.6144647064768743,0.8986376684082662,0.2047813619358524
2.991079284867424,0.03307459147550562,0.5371701279487074,0.053662906291589096
3.262741259579221,0.015606064446828216,0.20018988820845618,0.5874885247317233
4.8519518834243724,0.42879572249823783,0.6736532695846353,0.7726041436328025
5.768917337068416,0.0680740739747202,0.64422317792982,0.7748654492251879
0.8285536118767494,0.2519409882460929,0.12208560683646719,0.030288410155906775
4.507815295133797,0.22116091534608384,0.2596002334976195,0.40694640027158935
0.49116499375184963,0.2531911937228519,0.06007796431325796,0.0445096271486205
0.8009754724452471,0.13105523121525775,0.20986047387014195,0.24783864699076974
1.246872407244452,0.01203622289765427,0.13230567485306288,0.19288070275794833
2.5759827771342834,0.11548429713874808,0.1932362924745561,0.21518257924215722
5.620293523233502,0.6184802595127479,0.685467145913117,0.3391184140345286
4.290632060989092,0.9742562128180503,0.049499744261067735,0.2774180418359983
6.035767192520896,0.9903450015608939,0.10185461524821648,0.9622799113275983
2.3997973204154035,0.4090540953730616,0.13417363807828764,0.3524071200093821
2.6803537128737553,0.16295442604660537,0.316541120958134,0.8941725152929719
2.3248310423183502,0.6387617573665293,0.2987503108519409,0.1810416715209251
4.857574264135084,0.49030534654873714,0.2550637853166394,0.7637468671882143
5.1036869234701765,0.9894097772844315,0.7505366534324163,0.061345536024642766
3.703548793384128,0.0653042071517802,0.9980227877581006,0.4627612294693413
3.382721868163395,0.7832344383138131,0.5339779236287958,0.005510440235525937
5.598578535350294,0.2883984973314939,0.9442027179139421,0.810290763069436
6.070445532822758,0.241418620076574,0.3966101121260647,0.9504860360377839
1.4421951530854984,0.662504571532676,0.10668244680271344,0.035107370827145656
6.128670573952152,0.24606318499096447,0.4087738294698373,0.9338463614733145
7.646129277986272,0.6658591175591877,0.2961277734146933,0.773853891491353
4.446975447378335,0.5173085172022888,0.49340696228917813,0.35886157879279534
5.694768913807573,0.4240889884358493,0.6570436769164232,0.9088765512228052
3.234922805205892,0.554687808661419,0.4610502191524082,0.29625727125090096
5.578494055037686,0.28705151991962974,0.9351605120778256,0.409295312234762
3.1495093863137855,0.7065747062729789,0.8847648222993799,0.09671126219202164
4.322477225661098,0.414856869333564,0.7019775951661972,0.656938961900144
1.014961367285398,0.36054556048589226,0.48968491236454914,0.02960082874227188
3.41045256757159,0.8286569145557378,0.13168728181445688,0.48490527519903726
5.256879151045122,0.9249669119531921,0.3970136667776334,0.6831918502525338
5.621680357046174,0.046007310887296926,0.7044015394011737,0.8212376009491109
2.9697001426714316,0.2326269928297655,0.2848855205537312,0.14994138962166215
3.572822656199217,0.34851936949256324,0.10398807754342043,0.7540903662487174
7.344338493397806,0.8149664793702474,0.9078984575106281,0.7190770235550296
7.372014714148354,0.9854914276432976,0.7090508098155446,0.5595705341197842
6.5766105615298684,0.9689717046703518,0.6152764266350972,0.584644597787864
3.709982973677487,0.9049483455499269,0.7924989056089166,0.09127072085677812
3.4924433081824806,0.2965562650640299,0.8356460375834757,0.6004710432403803
6.479468107994307,0.9920112434144741,0.48345899817102334,0.3815222070708323
6.4771394436432015,0.2494200410564512,0.88118825140944,0.867580851341647
3.9799079063915226,0.1059061548822322,0.9164190107011054,0.3130988817359902
4.594693432568814,0.9509526110553941,0.2715510954247814,0.5765950773635247
3.856614277679707,0.2334202554680963,0.6075453597907943,0.4265713997011944
7.256520193332264,0.6897682650777505,0.5265840288204692,0.8762619382503131
2.5806611468494727,0.05835635898058866,0.5379457791519024,0.253916666989189
3.6376397097417064,0.7307090991274762,0.937663093964562,0.07880236030946042
7.26242143638547,0.8817202123338397,0.305188702693029,0.7486557209831396
2.908133162321551,0.2724368954659625,0.9834339782345762,0.41289661690832147
6.226568479152857,0.37905689607742854,0.9021312148042321,0.5890983591262915
3.2269475981302316,0.3742961833209161,0.45872288861350263,0.026389331713351116
9.262040782981565,0.7487882575401331,0.8174532636181662,0.952109791397402
5.419497035546861,0.23780724253903884,0.7690469943201406,0.8776183773849765
3.367390822127561,0.171853099047643,0.6778949696185212,0.6238679005772775
2.8495424555883755,0.4492916486877381,0.31983388938315427,0.017029842112618043
2.1189978226183985,0.3044684073773195,0.19645099182095394,0.3779764739828766
7.8198044227200585,0.8391891222586524,0.6715276967657582,0.9787965377421489
4.807031288649951,0.23774182601563876,0.8429732964010842,0.6813303587402346
1.2815534236631154,0.5023894574892614,0.01625278867736968,0.16098786131341913
6.27674401051371,0.9425835996979304,0.6428033753085121,0.4605967486545006
5.262674201294315,0.6339976977446607,0.44287302462221245,0.966737743843486
7.129082105951775,0.8672894054624648,0.8980877551269836,0.5347081744165934
2.595101953435276,0.9402096893547673,0.32147293085420525,0.024614528029824556
3.948021200822284,0.7507648618863519,0.47418481226362175,0.6197720842759777
4.163018053678973,0.6995750602247514,0.5147671040351863,0.2712165309311598
4.011793402873628,0.9679655666042271,0.14043952137105298,0.09884595187690437
6.597555350321647,0.9944007896476794,0.7128923026989064,0.402908444731893
6.068863858807339,0.45182168266975964,0.8304763451209596,0.5585230974322448
-1.9570496391540573,0.07086977818420837,0.05790927689626024,0.017040718047802716
2.69220253898248,0.29279403144051885,0.29138882053690274,0.5590468086359475
2.684618361994889,0.15235470568773046,0.03804468153505791,0.5112031468396374
7.8601841460957065,0.4174863747960118,0.9565441046882424,0.7939083830987601
4.206149387763732,0.13128932847325603,0.6671688207038236,0.42354981681539716
7.855896021499866,0.604117804020882,0.9642004194547815,0.5534504296698862
4.654510527450684,0.3828080591578541,0.5314942783313078,0.7420093040571263
8.153295183065648,0.89538588428821,0.8020685238956139,0.8971458717819455
4.0723794796804285,0.9677946717985019,0.37441398387974,0.3800345760236875
4.350474533662134,0.5468849016694222,0.3538190325726409,0.6016334957831465
3.624154239195609,0.2748235698675966,0.3782678171051327,0.6946109034163818
2.6315095701904303,0.5922304187618368,0.6578621337264282,0.043270676442196176
6.21878268947541,0.8967611582244098,0.3594531510216522,0.8007605084861348
4.5333732214679525,0.4067333458357483,0.9003674516042256,0.37743018521539384
6.3259529904671465,0.5520782766919708,0.9832748650501553,0.6702389414436098
3.305921037894971,0.2716527676061459,0.03042651533700591,0.47166406620494905
4.7029240673087624,0.455444149450027,0.19362329040249648,0.7023391426917073
3.982918879407058,0.40171353537959864,0.112249992587386,0.7243309792357789
1.0736740018457223,0.24841346508297102,0.04236404709144326,0.19157101348646732
4.314646355157616,0.5058663838253084,0.22774099334728648,0.6621742342864505
4.78098572875898,0.3103808259798114,0.44679332036908115,0.8513234378820872
4.226325179421488,0.37303486388074747,0.8369903652886838,0.23556720050497482
5.916818458029559,0.5249704422542643,0.2218240305099961,0.7581834698938779
7.049020570679344,0.7505950229289875,0.49394525566220127,0.6338251131552236
5.882561254217173,0.3335074657912753,0.9296187394467544,0.9551260344725638
5.617264247941434,0.9241587666207636,0.6672147067866749,0.2602465772917608
3.40554514905904,0.8623185468359024,0.7980790197559975,0.15427777765800355
2.8697176076769355,0.04869029597552854,0.5509939701854862,0.3121210152816999
4.836367885334468,0.25364252425682277,0.98046645884063,0.2579587781979187
5.393472387567611,0.4461355126592019,0.5886621546814742,0.7568327604735129
4.409978356798672,0.10462788874247408,0.04551071396259154,0.7331093038467983
2.98156530008594,0.3484759890334971,0.19798279993979484,0.6696849008553338
3.006711009509658,0.7400975256176825,0.40477362895714797,0.2163791144584878
6.5555151756887025,0.6805144811428259,0.6012771725737763,0.8618068074390897
8.25951159853747,0.6223844285660048,0.7719308674089599,0.9565715558589277
4.666751276067399,0.7105284027223456,0.41308612590388627,0.5316058181086445
4.178825492519251,0.20492368695970176,0.7100583050156887,0.6493727306293858
3.615973388516674,0.3416981148647321,0.789869503109125,0.5006920990205621
4.000359746185391,0.6762424822774629,0.3172601972499828,0.28355771510260386
6.98753032604647,0.8792347630313271,0.9792702400358185,0.2861476039966042
4.884709351989302,0.5436780538280952,0.6496564952358356,0.31342052273491317
4.070145745401753,0.2826996509455366,0.8809980607861312,0.19085000416415399
4.603301207228768,0.03023525800598259,0.5559376888086067,0.9019236326293176
6.484499878150116,0.7103368289742134,0.7416031071523237,0.8583981340466859
4.088543795449769,0.007884103508440377,0.7705440616163653,0.46163936131883676
4.371628542538686,0.3726790698209955,0.908248379234579,0.36725141256017046
5.475016347900099,0.5305372145627818,0.1503497568713703,0.9390783565470986
5.670635732974932,0.922111461767193,0.5582834241692485,0.2223734692328101
3.1416210475048896,0.08949454503290011,0.4283785131058563,0.5535419594668016
2.444361371035777,0.4059423219682837,0.9231590211737403,0.05449815554216264
1.9571262710292339,0.024313199710157773,0.1050946942489992,0.191202197017449
5.4898083542585026,0.3426109843415903,0.9825738886809128,0.6040269333595097
5.229301092233964,0.6222310588397949,0.8754513240932963,0.6621836528441697
2.195933787635635,0.2790679482285984,0.07382628156424853,0.5809958186732397
5.18500015987188,0.2097499496556351,0.49096638554047445,0.8696014159992898
8.093259245175597,0.11570323332709365,0.7175595002125259,0.993405220822747
5.8703505885085745,0.5771402440203418,0.7381515456910565,0.7638618421529112
5.422891545679358,0.695270005904686,0.9064941252379208,0.46509178414375885
8.475112168385554,0.6719571405958223,0.7998654355823109,0.8339346694541027
3.892712199723192,0.9488610207205074,0.3109303803440895,0.12038739416600164
2.289595135941144,0.0027032138935026984,0.4984347858624524,0.6832706964459297
3.845716184819379,0.647196653894036,0.701785762935854,0.518337787453434
4.016977912831976,0.6003922370976396,0.13843684136435142,0.1780658862557184
6.712289436482304,0.5887396099702882,0.19399079760019733,0.972933617280214
6.0302712432866565,0.9627703198402424,0.4810424481098726,0.33843741977874753
3.051043682995965,0.016871673370039697,0.2982457987055127,0.6154234059633834
6.602230715789551,0.6964824307014501,0.8625592497840949,0.878594237524952
5.423182852081942,0.8136786497018634,0.586277321520618,0.5066888439148206
2.823334603381592,0.5098071966215841,0.3486651977183677,0.11513785017643186
5.136205841689707,0.33396486959680916,0.8488330256044101,0.8187390843472899
5.956582364577021,0.7908401632274049,0.8048784485542388,0.3532137670588005
4.961109837863447,0.09724292563242465,0.9983548770992695,0.9830668688918388
6.223265311060254,0.44203563772992527,0.8473076883337348,0.8838254464445581
5.598559654243199,0.5199523745708382,0.4144565348056797,0.8534493333489572
3.0708598933198483,0.6939564109345475,0.12749888176998847,0.3562531775378994
2.776952768714625,0.09088573203240946,0.8406409082004779,0.7571297778090657
5.195980256651979,0.22775950153786095,0.05975791796039398,0.9863290630015888
3.280982790125143,0.41030156269012563,0.3502712073448542,0.5263216119513313
6.917996559748237,0.6232946730201306,0.9197379807712738,0.4707321549552316
4.299096296746684,0.8869607812174175,0.9607664734451007,0.014665820972070809
5.397063178275092,0.6188261682413765,0.6405645935212184,0.7002037687349363
5.303113267958524,0.13346147093493443,0.6886483169837135,0.8584775686018541
5.06991786877066,0.9805801327872824,0.04245448872552249,0.24745718608182998
4.3410085317860325,0.8717857347554929,0.5144803410895479,0.3150245771146568
5.619344421183057,0.502720761145324,0.5468681788063412,0.5006770213261564
5.175869708101811,0.922347981796633,0.3401007461241111,0.07208015736151685
3.1102287658300694,0.5413807937571358,0.06859683475388434,0.08964247609873699
6.5386079296608575,0.9233060678891631,0.228907599724394,0.4211107588880808
5.543181811358577,0.8298973686033432,0.35798393686119634,0.26121895270342166
6.914174707939631,0.9682864102942973,0.4351419865163296,0.4060373025327685
7.363073395217007,0.9197828107781584,0.5909267255335692,0.454386298099938
5.666047606268617,0.03603381742856948,0.7223915186982364,0.9762733967391182
4.507395139869863,0.17477200416093996,0.31763187327394615,0.9442598201028373
0.12198852205678223,0.38913467710118577,0.3289537599189831,0.1397301515397661
5.10342215274086,0.9521426972954208,0.019691642723703717,0.8825859737322465
0.8543803287773439,0.3000289194759296,0.040874860094018306,0.08020666233007856
2.6458531119103266,0.16046764388760104,0.2578216943085364,0.5076354697177541
4.642249130646567,0.8863046660865599,0.7402449976749567,0.16390990010976536
3.0586189983764185,0.4463944154832029,0.6283138303739122,0.36589214535693404
5.640788115571993,0.9078755943543261,0.7697890206778347,0.7433402256486646
3.5863290223507467,0.16023046632014326,0.7689194362148217,0.4245054793568499
6.7348746913364455,0.6611175115080995,0.8565674676693013,0.8069512875713337
4.8291385930625434,0.4402637528294918,0.7203192659868836,0.7188157110375418
5.216687768286182,0.0764867690302854,0.9790109190008228,0.9428394462110162
5.083507363032238,0.6964631446525006,0.8988252193018174,0.5341560205858773
4.727698675998793,0.2473987555391537,0.5867171662232342,0.8021479539877953
1.7304875070738528,0.039615522579517726,0.5881576704911717,0.3229071063370519
2.8912256873296527,0.05994429824957326,0.034267040352229494,0.3457458450898646
4.023327352988214,0.06107853706678734,0.9985265777083543,0.40051046358150544
3.65769588635324,0.9077329574850395,0.13157599736614178,0.41091573429808903
3.8329112479469307,0.739883917829101,0.740347196631592,0.10325322066597453
5.2323276128660865,0.8980623572137351,0.8210151951243089,0.5190989393318636
4.163237164750861,0.6725823112965214,0.3730545293052032,0.09680321926902558
6.923759164283153,0.5289399290308832,0.19685205466531375,0.889762135819764
2.610239982269449,0.30444636434737826,0.09875988679055503,0.06184478322329312
5.1451838556398135,0.9979622513286734,0.7486060058295778,0.4496944303093088
3.0393834810651055,0.36218905893938935,0.4526535292056957,0.2846940663904305
3.0572893527490006,0.47064894921390954,0.7137177590011357,0.1548694156544791
6.662910691757017,0.37824517492346177,0.9154076488518006,0.7838366908422123
5.083568052702693,0.9795269293354586,0.1465837361510567,0.7149323989195256
2.2702170243576525,0.17465838539500578,0.9191710007237996,0.1459478901815131
3.9250624578145454,0.32798800090807967,0.4116264595084367,0.6327656411063102
5.975089156293791,0.6803486660150015,0.30526700989728905,0.7925551673304461
5.863204965838884,0.06320761833863064,0.9430622606027791,0.7733322203698869
3.8434422051642607,0.607249374011541,0.9906516926063994,0.09227959766336158
5.236739895873471,0.4776465028764161,0.19889221776744814,0.6855127190457763
5.851848664521715,0.2839999767621011,0.6568383469519833,0.716023920883577
4.163680301610583,0.238413280924058,0.10649531377106036,0.8621662670420273
3.631885460205632,0.5145127432987567,0.6509140038575058,0.5080443388649867
3.431594862942113,0.36792758053704133,0.8273132277758497,0.46109400030335734
7.190749041665549,0.45651989126265535,0.6844985465240676,0.9651163249194699
4.556923016058256,0.3374773817642399,0.41733314206259575,0.7965122557387535
4.199908440458973,0.9704936935959776,0.38306635956376955,0.558730990806489
3.1219837791117646,0.13343943174560402,0.39312241522341707,0.3306170713112795
4.98034200008123,0.0968039531783742,0.5897118179929232,0.8452379960035107
3.2090882032327297,0.34339172879091606,0.8815672700724956,0.4554363894644047
5.181373766984297,0.5910269008704913,0.9290661572687678,0.09268519215816062
4.74084173397623,0.6591764718500283,0.05352962020731811,0.4549042727134398
5.1816338666862665,0.39725674716804205,0.1816223946456883,0.8719683961501463
3.7410918332664553,0.9992779939221711,0.11222431582828851,0.44828214689444545
0.09741432818907314,0.3518929961930426,0.19333464076691398,0.014349147740350121
4.996308433922644,0.7214066679599525,0.3466078106091718,0.6114853239164696
5.195216072932931,0.6375826945307929,0.5065316826226238,0.9958300034113987
7.37215865310722,0.8130538632474607,0.6294612270091522,0.8172485840405118
5.451089901733118,0.97622566345382,0.7321422191397015,0.6172379466181479
8.272112328554474,0.8897936564455402,0.8901115413858071,0.914398886797885
7.2380580714102285,0.7645619743577086,0.9890884372297908,0.8135816816510619
6.1268010696263175,0.6982484778182906,0.6628564785571198,0.49863935274004045
4.124157092731264,0.3354981696758996,0.845364518667763,0.5912202854073818
5.1980351148063235,0.14768557820670736,0.7780388469246989,0.7312928092030199
2.7938365506976686,0.06263600305980976,0.30753203921871197,0.8464261639788647
3.5053448143505532,0.24190170420148482,0.875692270234923,0.0581764023767114
4.366624381806603,0.4322814811812986,0.042763137947798846,0.7748038571611511
3.8525879372711014,0.5219962736299825,0.00036734375145786036,0.44750343997820197
4.189384815319674,0.7730835540548716,0.2737326293884642,0.6607985603015407
7.3580341479318445,0.958740923056593,0.4620975296274499,0.7646330109588501
4.092898327569289,0.11732048038481102,0.6383628950006773,0.5395019250274483
1.5223102487054236,0.10700414019379156,0.1017702665445448,0.15851485058039905
5.065845725797383,0.5896947230135507,0.67301013383484,0.4095268315182661
3.953854048180439,0.745398073947293,0.8018158670596945,0.07687299375237977
6.913578965136734,0.8481503803469849,0.1853129195793668,0.6893006911552638
7.2966734924005845,0.9358320802167885,0.41512525483179386,0.9537061819630834
6.432090755194465,0.983426242260642,0.5199849899533098,0.795252812224187
3.6034386106220753,0.3998016922245259,0.45180701808448065,0.3897864227871187
4.127313450937108,0.3803351835275731,0.7998299308884707,0.5842914960054943
3.117277106387111,0.14780867669727238,0.9605223981193308,0.30420067584686916
5.639645426097499,0.6849344386835594,0.79895316400818,0.541045599554965
2.9496250135668616,0.6567619584408371,0.07799281787582457,0.30072690578464023
7.348755031871802,0.8620625958512073,0.8049355721591271,0.73832475679861
3.4080940720884527,0.09725799478764063,0.06659633223555117,0.2593415079870255
6.392302895540864,0.4977769078253418,0.23597038524157,0.9640203904338944
5.769535158669852,0.5810819296720631,0.1530968968357228,0.6619487321735315
0.8911112871790644,0.2415570400399184,0.19751910684608542,0.06877784768384376
1.0198012380198094,0.16902540612916128,0.5283151270573506,0.01077776350569315
7.532129554407983,0.8595808364196215,0.6716898576108536,0.9970463442051004
2.8511587415108095,0.058534922235558784,0.470321282336041,0.22050557821579353
2.4333865054105184,0.4706209039180729,0.9596956390292436,0.3125627484571776
0.6285779254800552,0.11583400130088528,0.24029232003016665,0.20841401420210837
6.7121996812226365,0.45705876133136736,0.7631402302547929,0.9281017724711823
7.0642104076527525,0.9799623263423093,0.8701821785071485,0.6520128596686141
6.380526258243346,0.4237063534554728,0.5620661107547191,0.5043863235561108
6.162106230149746,0.8571249175045673,0.4562225019615531,0.5576508144925704
2.1536155317743373,0.11731556418319389,0.5961844467792436,0.3178728472991873
2.5504687115222966,0.27125207676186414,0.42880977016034294,0.6141750023638414
3.6596074055306076,0.4037927406673345,0.5551938823233694,0.4196003634549319
1.5269968273038976,0.39981214000933074,0.4169339521288016,0.1992281464241792
5.908260905856688,0.6713834786701531,0.40046971029413403,0.6566050997098815
4.081315917684109,0.34471812737550767,0.6953464681395298,0.37384056925921205
5.787300479927363,0.7137668684100164,0.09285121306796795,0.7850663791171616
5.991401337966964,0.6391868992253925,0.16654207272882082,0.41539495750952704
4.025499897958815,0.3991611452547731,0.851198471715004,0.5082713750461963
5.794896785521012,0.43176012765431926,0.771077346815188,0.7874664791808963
2.985487181209765,0.6145276998103207,0.2814537272943938,0.44787809291973113
4.7489504601119865,0.07004219014464463,0.3772689326657602,0.9662211351241645
9.084661513054506,0.8224067383556903,0.9260265066284805,0.7930286671951117
7.4708619540690195,0.6534211611136369,0.8180772251738613,0.8264304053149786
7.108914814438478,0.7263424644178352,0.6143462999796309,0.9539204667037277
3.860782125045807,0.5369230010823904,0.22149017880295774,0.3888506288432074
1.529400694390867,0.11047711099174473,0.04425197131526959,0.5800802641821708
4.45825578506267,0.4050356132969499,0.43125784684189816,0.6935917407956035
5.3404615357935015,0.40537358284855607,0.6726271392574619,0.6734584835406308
6.531259116117974,0.3210429900432169,0.8284804905178516,0.9529367945610195
1.4180072773135082,0.02995032490474936,0.8526890057422694,0.28834863387833454
3.7703838241149077,0.7372542425964773,0.032775901293363385,0.29136152862599196
4.768881542532058,0.1097844580625007,0.24415703383687937,0.9180044020391467
5.317284936723522,0.6063081330450851,0.33909458847740304,0.7993056417265596
3.3047184066813102,0.7032174964672158,0.18873221095938586,0.20335662406959776
4.30700568453183,0.6347863229336947,0.8029753783638378,0.5700468780927677
5.915617603164775,0.959142251977975,0.7674657630849425,0.7457637340963282
2.890393370145632,0.10329815508513862,0.5168330403809708,0.3530363904475091
5.637160247276705,0.8671671591051991,0.9829264779958555,0.43438225122139007
2.6657187131476947,0.029190234848913255,0.14405854109084226,0.575396611660893
6.111978873947037,0.534916854927084,0.8996517033276689,0.46710855754821057
4.2838969921125845,0.4042436179392588,0.11646325416191616,0.7530423900690328
-0.8879980478874021,0.5241838603937582,0.1631817055141207,0.005938753683069731
4.0756144912245755,0.3650998770600098,0.6962192002506188,0.4346325243910505
1.6601216082250336,0.19056691494006806,0.10956969204168931,0.33758137532887156
3.3910207401798784,0.01912289744868978,0.5658450954187109,0.6091640528298269
6.398481094415822,0.5181498137911743,0.4202335364726536,0.7759584418813597
2.7113289820015636,0.8427768626848423,0.7284739655410148,0.07614516220153023
3.7971939031648674,0.37321595574479416,0.9006752388088651,0.1580597336011924
6.438964891862417,0.22286381801498023,0.7698715146690553,0.6650816241420333
4.268642412351119,0.08053200347184408,0.8496898764211883,0.738402441015417
3.1469586609196534,0.08531092311870336,0.03294544853123238,0.5882017770788354
6.18209951020923,0.22139644629277222,0.3101954982442031,0.9828033489679264
3.538985751665723,0.10001406092155518,0.5154330866863324,0.4994614891065746
1.4870980844121529,0.26503969836448205,0.41595331462977947,0.1362923350976436
2.696601523086561,0.06614946211695472,0.23125495297968846,0.68629106037108
3.9646650400949985,0.06560486720992564,0.3078740979600233,0.6020755221947981
7.413525470554346,0.8562761796227819,0.9454309703916057,0.5904214750302634
2.47166866778357,0.16212026070883323,0.29418087987135155,0.5458536352463982
4.966765121666988,0.559682405823448,0.35390411017978574,0.9390957095495389
1.5636050540043647,0.7734555444490305,0.0037097737500186856,0.129156396826558
5.013825005857633,0.4564095653390666,0.8450776272778745,0.07319729852497836
1.318311597499971,0.15336887785934572,0.15484070340157663,0.15411716937731978
4.3472664026610115,0.19959614212011434,0.20414427551372605,0.24499020990495046
4.736812533844013,0.43298420628118073,0.2552645170920256,0.5929463194364691
6.243169700446028,0.5282340891785358,0.8846220568448426,0.6124252490967343
2.697903696771755,0.3494402920485349,0.20645141124631472,0.23260187745708427
6.895543369880979,0.7814796002346613,0.7975263608679399,0.4892254993109375
4.8313478532418745,0.7510216488563984,0.8080493403229045,0.48206185276773483
8.60813273320378,0.9272118073731179,0.9270205687863958,0.45311076628522495
3.43185975132031,0.02895254902696054,0.11556131360031396,0.8035452949126581
4.30500400561599,0.8956912912102034,0.21727897233783133,0.47169306987563187
5.999525935660979,0.39256878846215104,0.7428982920807213,0.758365495956166
4.785382397951451,0.8783724953799941,0.19600075428073904,0.16648113180479807
3.7653279227261827,0.6907847761565296,0.286329546873449,0.531967344073168
7.1588179081384835,0.9873487570739682,0.16674158011136264,0.8241047760631955
2.617662905538656,0.7592824517166681,0.1726966861550493,0.17771658391625766
3.410155728862932,0.3645446259967866,0.4815533546282057,0.46492216869766234
3.6693904881180095,0.5010631728347521,0.10968306211295853,0.6090793160357167
3.275202468345368,0.37638915519435123,0.3216976184636222,0.18477457483728732
3.865913019112707,0.3649118360212381,0.426593909598879,0.7567656059114031
1.3404108324110169,0.26090449938105975,0.024548116523977592,0.07899624779631742
5.7068213906175975,0.4959702953734696,0.3883331664744526,0.9464155089077187
3.2591405062931313,0.6817399450693612,0.09412243608551696,0.46822149421813575
1.9501466189155092,0.2773402713052435,0.49357853114617667,0.3361230863654765
2.4889555144804114,0.52437981107722,0.8257381885570964,0.11680700716264036
2.0855757614939074,0.11738029417055718,0.8184221621817872,0.4325966430678647
4.175816202949729,0.1598452868541913,0.08044851553740051,0.6598040293907718
1.4791705334239225,0.04680635471218875,0.6012277576745202,0.09448727914238408
5.965095402991609,0.9707314427706328,0.8345863819712365,0.3062690951677486
5.009785835972496,0.0038603515102610952,0.23797254293463532,0.8360175827727111
3.4241998725339235,0.1785799680576563,0.7619265114495991,0.6461810255983272
3.504075324365944,0.6128667531169923,0.8907643464500933,0.2063730118576239
2.754711819306944,0.0813695988533053,0.8061241514404441,0.16090979579308917
4.654152125044739,0.8818965030968323,0.10730103151550452,0.9044850262008999
2.7463528449387034,0.7196201578422882,0.009059999522384898,0.28702022134098437
3.075725736651426,0.9663899714378934,0.19172410992184563,0.1795001688986303
6.393239839955486,0.5076355472407649,0.27047734094662323,0.9999640185426024
2.944528475455135,0.3004036831584872,0.6161829906159595,0.3091918277779059
4.924158099484864,0.5495005727952714,0.3842731752423184,0.12474018780936369
6.9841921042980495,0.9308187172979732,0.7034070306614735,0.4617576297529471
3.1525761892874162,0.5207614372418605,0.3530749605216086,0.4343451101984821
4.4303684107606305,0.26720703186231864,0.1544254246546003,0.926802475830331
3.4468113314842035,0.8773987891741196,0.3126898434860351,0.13420494747630474
6.555524671943443,0.3719187485124613,0.884324226389135,0.09113640612930685
0.7829297781357063,0.0013833499989991394,0.9585323442450648,0.0929786709066801
4.978770099305243,0.24768502249231594,0.20751273406736848,0.9042874658222364
2.2446818780628495,0.3182335091770624,0.7884683870244413,0.4493691779610771
3.718518549190428,0.8587774682319022,0.2733487365398707,0.15060652815522568
7.4349835434883245,0.458503167066445,0.8871315434314075,0.5938300983792906
3.4068910799556327,0.44458728781130075,0.16554561279625546,0.5376233556508321
4.238408049055422,0.3361022663998874,0.6659599186940569,0.19840674774889933
5.1564942303198835,0.8806781230470796,0.08421126471318252,0.603038139426371
5.721293199211261,0.9450267769403914,0.9738933239738695,0.3402312343169456
5.078764388722058,0.9918903291546294,0.7006333446405428,0.23837076773086996
4.268555078109242,0.37674126696098675,0.8418157394050853,0.5104006108990281
4.572319789783311,0.9661474456271714,0.5666693393630345,0.2916492615163876
2.887606711470782,0.7918795696309013,0.4768013639288602,0.22213992176121322
8.29652258786967,0.6756891476442668,0.6218823913943651,0.8797224082996742
2.02212537215942,0.24488947942009942,0.528741511699448,0.1557625765734173
3.0042747130280185,0.2164572609442098,0.469384355145153,0.2805899772848325
2.6850656444385397,0.16604782452124567,0.7594502514576428,0.3861383798498257
5.336215541170073,0.9227566102253654,0.17820095493926813,0.27363831030002284
1.7938608758630643,0.2940766623831661,0.17117204815515852,0.2107106425777696
5.216519758006594,0.45309424544887844,0.4318426506497062,0.771146097054588
1.6104573336499433,0.4939578339872235,0.320747916044946,0.3290161587235815
3.3287918641137764,0.7781715954502542,0.0741245179130241,0.11251295769933845
8.19673222414357,0.8442349615530241,0.8444704924187344,0.5408951624566958
1.5933001197802674,0.1390727011486128,0.7716028066943498,0.1254884972364103
3.3404053563004195,0.4269043602110737,0.5439214998029848,0.3575196074409279
6.876196828909228,0.8428548878354571,0.979324537264369,0.8818267622722838
4.205107005027981,0.8180333057558384,0.07260006654760531,0.3691611951062197
4.434639972472827,0.1024137584524164,0.766669301027875,0.63250897428825
3.7654740753510767,0.156383348867963,0.2663703916090968,0.5146255360086313
2.7521668445981966,0.3041986915994078,0.3685989199435754,0.1377248457779756
2.4483983226338957,0.07535906908334034,0.21927938520306756,0.6490695977908352
6.501152828245107,0.4246630028405929,0.7890378914618652,0.8560349969338062
0.6558821089507811,0.10761770514958191,0.144240102021566,0.09321247404534405
5.308373555622545,0.568217593669845,0.840016697735278,0.7536800891297916
4.696815369006435,0.24655693981115612,0.6615776482298339,0.6902112815189781
9.175648201542796,0.5964330653496227,0.05902324526911473,0.8666605749971459
4.706078754451033,0.11752564290363765,0.8109817316001534,0.10409193213346701
5.545771152935926,0.9758838684185334,0.6277557161629794,0.3056953793966788
9.123671407644958,0.9325612038573404,0.9049823195783415,0.6942914872263741
2.715523979911602,0.3917969385646658,0.7487223064086382,0.022017978886650247
4.7319420087182795,0.24217859412608544,0.5611209274297748,0.7340756777304887
3.9066315281738344,0.2503982128535728,0.8365471806191977,0.857978579001121
2.8593917257723636,0.48339353520239203,0.2780502383012221,0.4533040523767575
2.1676988791114105,0.03999280190071697,0.5469500618445636,0.4343299034266521
3.7277438377750953,0.639705106075127,0.29361681980341015,0.278468962069366
3.1955095220798775,0.4083029083397448,0.9682043910905087,0.005051870005087333
1.7508840347242316,0.3774065725888873,0.22619630084200637,0.18630351666635603
5.790214667964161,0.8093649714891984,0.015738239670462506,0.9798641184223712
6.081807237434937,0.70903546018329,0.3258548420037962,0.8672860771213566
3.552627144431088,0.954333815392692,0.5025093969698047,0.2665046387489214
4.354891458062848,0.3519362404956907,0.028362934230075076,0.9637488571210464
4.90068548802088,0.8975427646494055,0.5592483000339074,0.36771261595328586
3.999859674584573,0.7699671862500889,0.8742827749512302,0.2975853747511801
2.7627309921524756,0.35742465159471304,0.7047321944166701,0.15280763544988518
5.88257006982457,0.6216654364532578,0.6229683229783043,0.901611069510674
7.9609857306485035,0.2885699576516956,0.9559617507082513,0.9869924910668593
5.6056002379803465,0.8743999170748423,0.9582793338421058,0.32741140405268243
4.609990916220523,0.11242731721231125,0.8242664697032286,0.7034304233584269
3.6220285249134108,0.21243436129404103,0.607741847385851,0.33530340980955464
2.501560269297627,0.18303329207992114,0.4877645594977067,0.10499073930545522
1.0702376569349452,0.40302600240428865,0.01331611324646731,0.3926923068823239
5.277718426486639,0.7452329600321291,0.6062619062265414,0.551569960761176
3.141933208324134,0.5269074490521803,0.9890880753568537,0.12301675917649424
6.227151925628507,0.48767632353820756,0.818101050024029,0.8182727747897611
2.1359671288339346,0.0005459648969956543,0.34060464388435197,0.4973631168932895
2.6749004990301084,0.4254017253550547,0.15204702504442202,0.23438295250457297
3.1493576220524013,0.06355377483615843,0.7840586144671541,0.5927595785429434
4.717905380325356,0.20825325212148382,0.7439378206317415,0.7932593060544021
5.4506131281256796,0.9323939389604944,0.9670467919793231,0.3276243490519758
6.284376004981663,0.2153982043432382,0.8748423619393388,0.7014763244005944
5.765778545650894,0.8583376386342625,0.5556626252724074,0.42785917998068734
6.836341991581556,0.8028933715613342,0.10128424696474214,0.9640511688456009
4.241882093195549,0.15914623694224284,0.48350065838396006,0.7709400866027316
3.48521173785,0.6057119572702788,0.313695054022317,0.35635090252202095
2.0037973045094053,0.11566187190501331,0.5124084820248398,0.017747959061762075
6.194581139703337,0.7278881583695115,0.3017015746396532,0.657519895380428
4.442668236036061,0.6374622773722066,0.8618229919755958,0.1978721585848523
5.7536343611113345,0.8119385616910193,0.8443270139828222,0.12187917564913275
7.0703447956040355,0.47938454938918806,0.3154651571670559,0.9317764513967938
6.278849797718891,0.9148630878333829,0.599581346373995,0.9999489702149168
2.518342722684018,0.04934894678843971,0.4301808576390541,0.2698888205643851
3.8613234893108856,0.29288856502701466,0.9090927570285632,0.301768552165938
3.568124166169064,0.715052597465167,0.18736090142632278,0.1649889392381687
5.596500070559159,0.41810921174800086,0.6977284017849593,0.45768477592962375
5.0024415947394525,0.17295135427115638,0.9703753278372166,0.8658437598357476
1.8579329814887677,0.10721074542854603,0.17527551956309018,0.7015059521248778
7.347467896390667,0.8173391114616214,0.2019664284242032,0.8463315580765877
2.722317590505298,0.47314297846564424,0.6937233386722279,0.22848165567358047
6.440763620520035,0.8822836719191074,0.7791539245249139,0.7304560674084801
7.059692919541935,0.733289134316726,0.49054905479393274,0.9185266283960603
2.8881141828826786,0.4097262056307436,0.6096864651471213,0.2814161142143904
2.716301406139851,0.37351101415568366,0.21268240881182876,0.6906535435911851
4.13696291126355,0.5156383466512517,0.47661422856732605,0.40065741168985447
3.270745542992848,0.8890599531897286,0.11207188087491515,0.2902266451589226
7.331033342581499,0.7372785797141679,0.3214219252756647,0.9696234687543495
1.4734746666634941,0.00515296426902323,0.2847797050309543,0.3486332299682927
2.7146768606341674,0.6941578513691256,0.44462536010242004,0.10784968126068728
5.9631312445759885,0.9195074069058207,0.9301263622436969,0.3885892096203356
5.336769243487759,0.7104557595044916,0.1812676621478424,0.44767829095998235
5.250541221586565,0.1770057815674959,0.4013882466247205,0.7522108254992379
5.388179705829957,0.4835181274274587,0.6155972191096447,0.9499142669470028
8.38199781018203,0.1403160179234194,0.9465570860740017,0.8170569837942127
4.741271138525828,0.3589952783396321,0.13314819153576818,0.930941311255106
5.394929150748004,0.9371170419405177,0.9178766169931135,0.4750601299749311
6.697521762938763,0.9233053075587083,0.08105378863406154,0.7193165682364342
2.6845192335440355,0.2828368521760829,0.4807413971602644,0.30904958501240243
4.360140808875284,0.33963104416619916,0.4545898672304828,0.06958710851901795
4.529146518933781,0.6002128681312939,0.20960272887719555,0.36547352532599353
6.177452289017258,0.96319729526038,0.3474596681158475,0.6979152283282977
4.025529857617347,0.14780133406539042,0.4541652683483981,0.2746221102480437
6.795911650917795,0.2569166436866691,0.8652114629106292,0.8614058956415209
6.464994975616152,0.8735568272907714,0.9550641453735598,0.7907728499829019
4.178092358710179,0.4918922317083445,0.5189256786371652,0.19404254918460295
5.243942465284714,0.8989610922270317,0.8700997902944219,0.33083676249080674
4.99078104887278,0.18551789752317627,0.6081715856767794,0.8253026175490917
3.4029860536520924,0.5326685874713607,0.34908734198767544,0.2439377895112994
1.8145098835773172,0.32626963264937237,0.19419420761346906,0.33160214566713064
1.814822674044603,0.31654255989247604,0.4131347717827648,0.3430669324230867
5.958231579909657,0.44687696394619913,0.5228242829238477,0.8010420278257667
0.14800668757312185,0.43307744910126844,0.04444338825955618,0.037030265605016766
-0.9163317235080439,0.3573468796779544,0.14584116587085072,0.0737869831214143
5.422981747190056,0.9149707703156186,0.60018442398144,0.5784515481629375
4.564776131125668,0.7317441854328928,0.22500159467716208,0.39711199099606664
6.118953871030051,0.7275469913315297,0.8373263760812975,0.6328853196107076
3.8566008936618505,0.2899134495919554,0.3269422497741906,0.26646127617938287
5.764880892814955,0.5777094243168404,0.10483420725325088,0.9095826774815607
4.78205737376688,0.779179433301834,0.08353058855531703,0.7609418871744561
4.092418478415289,0.7955903685432131,0.9371230205317796,0.06774622055039603
2.9687125546176527,0.34453046075431226,0.11802031124187917,0.7839054772850341
7.558564511985,0.7708727565686478,0.14090976416206002,0.9695823723122513
6.321656202555639,0.735893896807733,0.862666057932753,0.942435620587473
2.9546232774029106,0.14150648562190027,0.254288130277344,0.7354837980254477
4.2638280207045,0.8659454685664772,0.6659514107544161,0.1235937534812156
5.264076112453654,0.4413214701804108,0.8167256870298913,0.5760767658404541
2.3078731787785465,0.48641044888866547,0.6071806401301921,0.2842327288404888
6.235400602915185,0.4483691788979973,0.9574885434478494,0.9702129436362472
6.256287306639962,0.5678460014775075,0.7088828992608414,0.7174857253616094
5.661796480055152,0.6211692473670547,0.11275150990365834,0.6107655897874192
5.74071448288967,0.4981795657629434,0.5584100265458799,0.6950880426047262
5.762845436803523,0.8667885432590956,0.7181865260891839,0.4379791291096805
3.4156570212130393,0.6277347561952844,0.8019572403734452,0.37273675143760665
4.382782489692509,0.40142794930551995,0.02632133528409153,0.9357995794399642
4.537035881750783,0.41669175690871096,0.7188789152714244,0.33192713479268665
5.330568684211517,0.8108386151289514,0.8256808210194495,0.04143613173271932
5.0309799748833575,0.3481919427465201,0.7468338109353565,0.4008401541544574
4.958495733590733,0.21145479578241355,0.5123491456555981,0.7903403526216722
4.892665389039829,0.059383188005789234,0.4580209630888029,0.6484683580489194
10.457061525436817,0.8760268479205742,0.5494185832998159,0.9621707754778747
3.9958723063181165,0.9185464511903499,0.704643698826602,0.10620186761913764
5.089258541327896,0.12012018216347597,0.9229142906324854,0.9115463022293834
5.231371347206564,0.33447374149611486,0.617035210641125,0.3688491939140621
4.43325968818574,0.17537206951524387,0.8878343062834696,0.4740025854219123
3.5764454077533014,0.11589846882587973,0.7012568474457274,0.42848215448923443
3.6944564359066767,0.8998667430000302,0.06833637743884757,0.11645228109244143
1.5089874751551053,0.05687725914535546,0.5008281900016218,0.2477964557251887
5.448720679206085,0.9804856634690068,0.28648634831524233,0.742271569229792
0.1745850961917672,0.09645086069738418,0.2851749281325723,0.0230075418456952
5.083764404388839,0.8634706491935857,0.3559275512159842,0.13388777438627453
0.9931838754492583,0.5665061069891627,0.3147327720004758,0.025210168791350074
6.189179298630567,0.36791748781787337,0.5786099801171002,0.8573880573235492
4.305841981684197,0.3423423766251579,0.683601500353557,0.6173248277817797
3.135938963625488,0.7573641432377087,0.26874938707673546,0.16992866211855884
5.021284998972972,0.3145732950042872,0.12976262256838134,0.7687722230537536
6.800765494884461,0.6573189166171418,0.0588087209344621,0.9668005974515538
6.784701976596353,0.5173260835160801,0.5757528450305522,0.9345603745300182
3.640227797022871,0.4849656451580705,0.1861301663330024,0.9215475478121653
4.324188070693648,0.9011621706491616,0.009247994223699374,0.007810215405743226
7.185691807648862,0.5546450586202596,0.9277530793237041,0.5890134889852785
4.67283294705983,0.8268616030486949,0.5371404190832406,0.25663261663902925
4.63046363699726,0.7255735341014894,0.09244818024697277,0.5646472143098588
4.875084327694339,0.03855724605899835,0.8429211121274853,0.31803028916055465
5.847626076480671,0.7731100525054192,0.9832027382901181,0.1536665427726126
3.296492564167024,0.21687025009104066,0.4486006620177172,0.4444937233583467
4.482474789885381,0.9031496468515715,0.04248960823815817,0.4950963271763734
4.129389369718094,0.042924190608832014,0.1175459407560635,0.9897655068476245
3.109307187665147,0.33307203447431877,0.38165374664543217,0.04238788413854011
4.31485669689781,0.09973294723475401,0.885522637448877,0.3011551988972766
3.516997078664543,0.47558911708484375,0.14803867927776204,0.8518938450883227
7.2114718869848815,0.8200224358697518,0.8239900940026955,0.6596954981260428
5.095368058188422,0.2981873596630641,0.014976260219019433,0.8266830318458959
2.5022825977721403,0.1509348973110416,0.457388698785811,0.6602909185597778
5.314775874138043,0.3302670356968992,0.6443971409505681,0.7595363091461329
2.7570427834248115,0.813880141920636,0.0603794820255964,0.4929217499970573
2.599680982162791,0.14038395779934687,0.6147627506164867,0.2048776928975975
3.7276765316074694,0.2273624490775018,0.9444041214695561,0.8100038608371999
2.1166128287012707,0.06885196449337394,0.16025992013659507,0.5678206546639691
3.523307758691712,0.7057100439896077,0.7296113830353528,0.13950519378682968
4.914613813836955,0.3952332435363368,0.6090938979435434,0.8048940268708661
6.5886243676132885,0.310839977143316,0.18511638887923054,0.9585859103625782
4.088452060695155,0.7186263903411519,0.006203414709366029,0.3461638726284658
1.8009816760549937,0.33597754234025523,0.009284450505927078,0.2935122520864435
2.641521509923474,0.727771273214418,0.5320924091720286,0.08177517820756608
6.750345594017758,0.8151993953143135,0.9427794095611935,0.6644912264494156
4.748319290991112,0.21766284345773845,0.6442986274656124,0.9589616184964967
5.867106547241534,0.9738186968459833,0.7142998462937437,0.13599268999160763
5.412209344404122,0.16235794791266678,0.4938654869205371,0.4851596313193155
3.48245324193447,0.29084090665674256,0.5818889426345698,0.09823818465324785
1.260250883546244,0.17979529083354162,0.12636752533060347,0.034109903709815814
5.282533629247701,0.34550565635633446,0.8768206204006308,0.6645010506676454
6.027410332708401,0.4800608878207556,0.7607926286668019,0.8676871753434979
6.6584922298872895,0.5221758690021191,0.9981989528446096,0.3375705361260297
6.083389112118921,0.853606042296272,0.29772294755562134,0.8757651744100993
5.1516902235395925,0.8894479088158666,0.22701777179605787,0.1170530991510319
0.7309383839151613,0.22010386078090638,0.12516165796134293,0.2379606819174762
7.107296863018014,0.6228940321857525,0.9642097566160448,0.9016067269067185
2.216241523194089,0.11149605729871559,0.7808851846280236,0.5085098936906702
4.301562544401858,0.4589698601820683,0.1663246137196387,0.6081923837970241
0.960718864650107,0.32233353804661813,0.5526864711082139,0.03801823254250791
3.95564769987737,0.3165007454536064,0.41376820806727677,0.12838991014788892
2.386160262413171,0.482584241712101,0.1514860078061928,0.05579081250085316
6.671028583323229,0.7298276355292675,0.16207298502996548,0.9050007399496692
2.956346270516098,0.0691826587923895,0.9634699947451857,0.13479496387094703
5.5535988710215385,0.8791733376874045,0.3049641829577222,0.8496728266087545
5.615576992483209,0.7348137746305611,0.9414392916839432,0.35103469937245313
5.720190186128214,0.17649938888906014,0.0756106730650844,0.80059749636578
5.207817927681792,0.9391609090873704,0.4608030422931906,0.3650435474567474
1.831894726250379,0.5063122240233886,0.1296190485167601,0.26768403969287646
1.531300652894433,0.9998085781169653,0.004787385241172171,0.09366070118905723
2.1088099422188242,0.19725947430073765,0.5537660737060766,0.2807065905741337
1.9562027741005725,0.5349081983832014,0.11389410481136342,0.47147971671727995
6.415345754176924,0.2902480425599284,0.7220245309336797,0.8175087988967955
4.899980508838576,0.30417355738924656,0.6981163757068996,0.45251495476869785
5.1359224299608695,0.5910653808339902,0.17633290746448915,0.9714355749376175
7.429154839032251,0.9217190668708333,0.9417421432655166,0.541633010854823
3.3812062498912954,0.805263855579175,0.7210434084324896,0.024945629811443437
4.383619641808068,0.7239413985013259,0.29797026415692995,0.41536730019127244
6.2235408553177205,0.5591737821017022,0.7092337639507906,0.6888991073865137
4.723962642325222,0.9222985036674477,0.731930277681536,0.2342916462498248
5.374260034620326,0.49236140669088413,0.3422263312509606,0.6986299508481587
3.7017348301855857,0.8738321783347182,0.3755885624614592,0.5036973051815162
3.4405840372569267,0.8339816438766318,0.3591065076533001,0.025737775583115297
4.937202703041996,0.21383534680158656,0.6166184435520741,0.7743529494802057
4.30959836098628,0.7712254629659102,0.9004101465401794,0.5603737038140751
-1.0968162371201624,0.012171156943258765,0.17319323622858762,0.08249350308109338
2.7602203605390643,0.3228295375480875,0.8751996098363184,0.475214033462273
2.3074870081094723,0.22956744469194978,0.027653156505342502,0.28729288177474666
6.483951864641778,0.5068629584873134,0.6603385959782224,0.8796815425879331
4.45310301982478,0.7368531616807855,0.4144388731896942,0.2849270528072487
4.315961998196794,0.09767636744772412,0.7912815522324937,0.9416870709741989
6.310667639726827,0.5149222019367684,0.721198112930903,0.5461327493471125
6.0527477373778,0.9384120216943856,0.480107807145184,0.3236137095467213
4.460884761041012,0.2286465509829455,0.6438640367225967,0.8135450174175773
7.000631483651023,0.6771411441114241,0.5017731306999452,0.6974003783657658
